,Year,Player,Pos,Age,Tm,G,MP,PER,TS%,3PAr,FTr,ORB%,DRB%,TRB%,AST%,STL%,BLK%,TOV%,USG%, ,OWS,DWS,WS,WS/48, ,OBPM,DBPM,BPM,VORP
0,2021,Precious Achiuwa,PF,21,MIA,4,63,11.2,.591,.000,.381,10.2,16.6,13.7,5.2,0.7,3.0,19.7,21.1,,0.0,0.0,0.0,.009,,,,,
1,2021,Steven Adams,C,27,NOP,5,148,20.3,.657,.000,.118,13.3,19.0,16.2,10.6,2.3,4.8,14.4,12.1,,0.3,0.4,0.7,.223,,,,,
2,2021,Bam Adebayo,PF,23,MIA,4,123,21.9,.684,.000,.533,4.2,21.2,13.6,27.6,1.5,3.8,23.4,25.7,,0.3,0.1,0.4,.144,,,,,
3,2021,LaMarcus Aldridge,PF,35,SAS,3,78,9.3,.458,.289,.079,2.6,14.3,8.5,11.1,0.0,4.0,9.2,23.3,,-0.1,0.1,-0.1,-0.033,,,,,
4,2021,Ty-Shon Alexander,SG,22,PHO,2,5,-19.2,.000,.333,.000,0.0,22.2,11.0,23.6,0.0,0.0,0.0,26.7,,-0.1,0.0,-0.1,-0.489,,,,,
5,2021,Nickeil Alexander-Walker,SG,22,NOP,3,44,14.5,.532,.320,.120,0.0,9.8,4.9,21.0,3.3,0.0,16.0,30.7,,0.0,0.1,0.1,.063,,,,,
6,2021,Grayson Allen,SG,25,MEM,4,92,7.1,.414,.842,.474,4.4,7.9,6.1,13.4,0.5,0.9,11.6,11.5,,0.0,0.0,0.0,-0.007,,,,,
7,2021,Jarrett Allen,C,22,BRK,5,113,24.4,.730,.000,1.286,21.0,31.1,26.4,7.1,0.4,4.7,21.5,15.5,,0.4,0.2,0.7,.293,,,,,
8,2021,Kyle Anderson,SF,27,MEM,4,130,12.6,.560,.412,.275,3.1,24.7,13.8,17.1,0.0,2.0,19.7,22.2,,0.0,0.0,0.0,.008,,,,,
9,2021,Giannis Antetokounmpo,PF,26,MIL,5,157,23.7,.550,.293,.549,6.6,32.8,19.4,24.5,2.7,1.8,15.0,31.1,,0.3,0.3,0.6,.173,,,,,
10,2021,Kostas Antetokounmpo,PF,23,LAL,1,8,-9.1,.000,.000,.000,0.0,51.3,27.8,0.0,0.0,21.4,50.0,21.2,,-0.1,0.0,-0.1,-0.413,,,,,
11,2021,Thanasis Antetokounmpo,SF,28,MIL,4,46,9.1,.722,.222,.000,9.0,11.6,10.3,13.3,1.0,2.0,40.0,13.3,,0.0,0.0,0.0,.050,,,,,
12,2021,Carmelo Anthony,PF,36,POR,3,70,14.4,.530,.154,.615,1.6,14.0,7.8,8.6,2.1,0.0,5.7,21.9,,0.1,0.0,0.1,.057,,,,,
13,2021,Cole Anthony,PG,20,ORL,5,102,16.0,.458,.271,.313,6.7,19.0,12.6,26.1,1.4,0.0,8.4,24.1,,0.1,0.1,0.2,.097,,,,,
14,2021,OG Anunoby,SF,23,TOR,4,143,11.9,.519,.649,.270,4.8,14.5,9.5,7.4,3.5,2.6,12.7,13.9,,0.0,0.4,0.4,.128,,,,,
15,2021,Ryan Arcidiacono,PG,26,CHI,2,28,14.5,.484,.556,.333,0.0,23.9,11.9,19.4,3.2,0.0,0.0,14.8,,0.0,0.0,0.1,.122,,,,,
16,2021,D.J. Augustin,PG,33,MIL,4,61,12.8,.568,.636,.273,5.1,3.5,4.3,10.0,0.8,0.0,10.9,18.5,,0.1,0.0,0.1,.111,,,,,
17,2021,Deni Avdija,SF,20,WAS,5,130,11.8,.638,.615,.192,2.5,17.8,10.0,12.8,1.7,0.6,9.6,9.9,,0.2,0.1,0.3,.098,,,,,
18,2021,Deandre Ayton,C,22,PHO,5,138,16.1,.507,.045,.273,11.8,33.0,22.3,10.4,0.7,3.9,10.9,17.8,,0.1,0.4,0.5,.171,,,,,
19,2021,Udoka Azubuike,C,21,UTA,1,4,30.7,1.000,.000,.000,27.1,0.0,13.2,0.0,0.0,0.0,0.0,10.5,,0.0,0.0,0.0,.334,,,,,
20,2021,,,,,,,,,,,,,,,,,,,,,,,,,,,,
21,2021,Dwayne Bacon,SG,25,ORL,5,107,11.2,.611,.226,.129,0.9,17.1,8.6,6.6,0.4,0.8,10.9,14.2,,0.1,0.1,0.2,.088,,,,,
22,2021,Marvin Bagley III,PF,21,SAC,5,125,8.6,.438,.203,.322,10.2,24.7,17.2,4.7,0.8,1.4,14.0,26.1,,-0.2,0.1,-0.1,-0.055,,,,,
23,2021,LaMelo Ball,PG,19,CHO,4,81,17.0,.609,.484,.194,7.2,17.8,12.2,24.6,2.9,1.3,22.9,22.1,,0.1,0.1,0.2,.131,,,,,
24,2021,Lonzo Ball,PG,23,NOP,5,155,11.3,.492,.603,.155,2.1,13.9,8.1,23.1,2.8,2.3,20.5,21.7,,-0.2,0.3,0.2,.055,,,,,
25,2021,Desmond Bane,SG,22,MEM,4,89,10.3,.696,.708,.042,4.6,9.3,6.9,0.0,1.0,0.0,14.1,13.0,,0.1,0.0,0.1,.057,,,,,
26,2021,Harrison Barnes,PF,28,SAC,5,175,16.0,.545,.262,.262,5.5,20.9,12.9,13.3,0.8,1.0,8.8,18.9,,0.3,0.1,0.4,.104,,,,,
27,2021,RJ Barrett,SG,20,NYK,5,185,8.0,.423,.296,.284,3.5,16.4,10.2,15.9,1.0,0.0,11.6,23.8,,-0.3,0.2,-0.1,-0.020,,,,,
28,2021,Will Barton,SG,30,DEN,4,106,12.1,.482,.261,.239,2.3,13.8,8.3,10.7,1.4,1.7,5.6,21.8,,0.0,0.0,0.0,.008,,,,,
29,2021,Keita Bates-Diop,SF,25,SAS,1,1,0.0,,,,0.0,0.0,0.0,0.0,0.0,0.0,,0.0,,0.0,0.0,0.0,.003,,,,,
30,2021,Nicolas Batum,SF,32,LAC,5,136,14.6,.629,.536,.179,6.8,20.3,13.5,16.6,1.8,0.8,14.2,11.3,,0.3,0.1,0.4,.151,,,,,
31,2021,Aron Baynes,C,34,TOR,4,85,6.4,.468,.452,.000,8.1,23.2,15.4,5.7,0.0,0.0,13.9,17.8,,-0.1,0.2,0.1,.030,,,,,
32,2021,Kent Bazemore,SF,31,GSW,2,16,-2.0,.250,.250,.000,0.0,13.3,6.2,25.9,2.8,0.0,33.3,14.7,,-0.1,0.0,-0.1,-0.180,,,,,
33,2021,Darius Bazley,PF,20,OKC,4,122,6.7,.438,.400,.125,3.5,22.1,13.1,6.1,0.4,3.9,19.2,18.3,,-0.3,0.1,-0.2,-0.068,,,,,
34,2021,Bradley Beal,SG,27,WAS,5,183,21.5,.570,.246,.456,2.9,10.2,6.5,19.3,2.2,1.4,12.2,35.0,,0.3,0.1,0.3,.091,,,,,
35,2021,Malik Beasley,SG,24,MIN,4,118,13.5,.514,.400,.233,2.4,16.2,8.4,5.5,1.2,0.0,5.7,24.3,,0.1,0.0,0.1,.043,,,,,
36,2021,DeAndre' Bembry,SF,26,TOR,3,14,-3.0,.500,.000,.000,0.0,22.2,10.8,10.2,0.0,6.6,60.0,15.0,,-0.1,0.0,0.0,-0.145,,,,,
37,2021,Dāvis Bertāns,PF,28,WAS,5,107,12.4,.523,.875,.500,2.0,11.3,6.6,8.5,1.3,1.5,2.0,19.1,,0.2,0.0,0.2,.080,,,,,
38,2021,Patrick Beverley,PG,32,LAC,5,109,11.7,.630,.633,.133,8.4,9.5,9.0,5.1,2.2,0.0,13.6,14.8,,0.2,0.1,0.2,.101,,,,,
39,2021,Saddiq Bey,SF,21,DET,3,51,5.9,.426,.636,.273,3.9,22.6,12.6,2.8,0.0,0.0,3.9,21.0,,0.0,0.0,0.0,-0.036,,,,,
40,2021,Khem Birch,C,28,ORL,5,89,13.5,.525,.000,.370,8.8,18.1,13.3,6.1,2.1,1.8,11.3,16.4,,0.1,0.1,0.2,.118,,,,,
41,2021,,,,,,,,,,,,,,,,,,,,,,,,,,,,
42,2021,Bismack Biyombo,C,28,CHO,4,114,13.3,.596,.000,.667,10.3,12.7,11.4,10.6,0.0,4.5,13.9,13.0,,0.2,0.1,0.3,.132,,,,,
43,2021,Nemanja Bjelica,PF,32,SAC,5,79,19.6,.656,.241,.414,8.1,17.4,12.5,17.3,0.0,1.1,12.7,20.7,,0.3,0.0,0.3,.172,,,,,
44,2021,Eric Bledsoe,PG,31,NOP,5,145,10.3,.523,.531,.122,0.8,6.0,3.4,16.0,1.7,1.6,16.2,18.3,,0.0,0.2,0.2,.067,,,,,
45,2021,Keljin Blevins,SF,25,POR,2,13,-5.2,.200,.600,.000,0.0,0.0,0.0,31.6,3.7,0.0,28.6,23.6,,-0.1,0.0,-0.1,-0.349,,,,,
46,2021,Bogdan Bogdanović,SG,28,ATL,4,116,16.3,.621,.761,.152,1.0,20.3,11.2,12.3,1.2,0.8,9.2,19.0,,0.3,0.0,0.3,.124,,,,,
47,2021,Bojan Bogdanović,SF,31,UTA,4,131,6.8,.447,.558,.173,3.3,10.2,6.9,5.5,0.7,0.6,11.1,20.1,,-0.1,0.1,0.0,-0.004,,,,,
48,2021,Bol Bol,C,21,DEN,3,14,-10.1,.000,.500,.000,0.0,8.0,4.2,0.0,0.0,6.5,0.0,12.3,,-0.1,0.0,-0.1,-0.301,,,,,
49,2021,Marques Bolden,C,22,CLE,3,8,19.8,.687,.000,6.000,0.0,13.7,6.8,0.0,0.0,0.0,0.0,19.5,,0.0,0.0,0.0,.225,,,,,
50,2021,Jordan Bone,PG,23,ORL,1,9,17.8,.500,.250,.000,10.9,12.0,11.4,17.1,0.0,0.0,0.0,18.3,,0.0,0.0,0.0,.137,,,,,
51,2021,Isaac Bonga,PG,21,WAS,5,71,13.8,.844,.667,.083,4.5,17.1,10.7,9.2,1.3,3.5,19.4,8.9,,0.1,0.0,0.2,.114,,,,,
52,2021,Devin Booker,SG,24,PHO,5,169,12.3,.562,.346,.247,0.6,13.8,7.1,20.2,2.0,1.1,23.1,30.7,,-0.3,0.4,0.1,.019,,,,,
53,2021,Chris Boucher,PF,28,TOR,4,72,22.0,.596,.303,.212,10.9,24.5,17.5,8.0,0.0,12.8,10.0,23.4,,0.1,0.2,0.3,.193,,,,,
54,2021,Avery Bradley,SG,30,MIA,3,82,16.0,.719,.630,.185,0.0,7.6,4.2,9.6,2.3,0.0,12.0,17.6,,0.2,0.0,0.2,.112,,,,,
55,2021,Tony Bradley,C,23,PHI,1,17,13.1,.269,.000,.143,25.7,23.1,24.3,8.7,0.0,9.7,0.0,18.4,,0.0,0.0,0.0,.072,,,,,
56,2021,Ignas Brazdeikis,SF,22,NYK,2,2,49.2,.532,.000,2.000,53.6,49.0,51.2,0.0,0.0,0.0,0.0,40.2,,0.0,0.0,0.0,.589,,,,,
57,2021,Mikal Bridges,SF,24,PHO,5,166,20.7,.729,.560,.160,4.6,15.4,9.9,1.8,1.5,3.8,0.0,14.3,,0.6,0.4,0.9,.274,,,,,
58,2021,Miles Bridges,SF,22,CHO,4,103,16.4,.662,.556,.111,3.8,29.1,15.6,8.3,1.4,5.9,19.2,18.6,,0.1,0.2,0.3,.129,,,,,
59,2021,Malcolm Brogdon,PG,28,IND,5,172,19.9,.594,.359,.179,2.1,10.6,6.6,24.9,2.2,0.0,11.6,23.5,,0.4,0.2,0.6,.171,,,,,
60,2021,Dillon Brooks,SG,25,MEM,4,127,12.8,.487,.365,.095,5.6,9.0,7.3,17.9,2.9,0.0,13.5,28.5,,-0.1,0.1,-0.1,-0.021,,,,,
61,2021,Bruce Brown,PG,24,BRK,2,10,-6.3,.333,.333,.000,0.0,18.5,10.0,13.0,0.0,0.0,40.0,20.9,,-0.1,0.0,-0.1,-0.254,,,,,
62,2021,,,,,,,,,,,,,,,,,,,,,,,,,,,,
63,2021,Jaylen Brown,SF,24,BOS,5,165,29.1,.638,.260,.323,3.9,11.8,7.6,18.3,2.6,1.6,7.6,30.5,,0.7,0.1,0.8,.230,,,,,
64,2021,Moses Brown,C,21,OKC,1,3,-5.8,.000,.000,2.000,0.0,66.7,34.4,0.0,0.0,26.7,0.0,26.9,,0.0,0.0,0.0,-0.519,,,,,
65,2021,Sterling Brown,SG,25,HOU,3,63,17.4,.933,.667,.000,1.8,8.7,5.3,6.9,1.5,0.0,6.3,11.0,,0.2,0.0,0.2,.166,,,,,
66,2021,Troy Brown Jr.,SF,21,WAS,5,87,3.5,.500,.619,.000,3.7,12.7,8.1,8.8,0.0,0.0,19.2,12.3,,-0.1,0.0,-0.1,-0.040,,,,,
67,2021,Jalen Brunson,PG,24,DAL,4,66,18.8,.591,.344,.313,0.0,17.5,8.4,32.5,0.7,0.0,16.1,29.1,,0.1,0.0,0.1,.090,,,,,
68,2021,Thomas Bryant,C,23,WAS,5,156,17.6,.664,.254,.220,6.9,11.3,9.1,7.9,0.6,3.7,11.0,19.1,,0.3,0.0,0.4,.114,,,,,
69,2021,Reggie Bullock,SF,29,NYK,5,149,5.4,.454,.640,.080,0.7,11.8,6.5,8.3,1.0,1.2,8.8,16.3,,-0.1,0.2,0.0,.012,,,,,
70,2021,Trey Burke,PG,28,DAL,4,81,11.1,.538,.571,.143,0.0,5.7,2.7,13.0,1.8,1.2,9.2,17.9,,0.0,0.1,0.1,.049,,,,,
71,2021,Alec Burks,SG,29,NYK,3,83,26.0,.760,.469,.625,0.0,13.0,6.8,23.8,1.7,2.2,14.6,24.6,,0.4,0.1,0.5,.296,,,,,
72,2021,Jimmy Butler,SF,31,MIA,2,52,19.4,.475,.045,.227,9.8,10.0,9.9,35.8,7.2,0.0,22.4,26.1,,0.0,0.1,0.1,.055,,,,,
73,2021,Bruno Caboclo,PF,25,HOU,2,23,-7.1,.300,.400,.000,4.9,28.6,17.0,0.0,0.0,3.7,28.6,26.3,,-0.2,0.0,-0.2,-0.365,,,,,
74,2021,Kentavious Caldwell-Pope,SG,27,LAL,5,125,14.4,.767,.607,.321,0.0,5.7,3.1,6.9,1.9,2.0,13.5,12.6,,0.3,0.2,0.4,.171,,,,,
75,2021,Facundo Campazzo,PG,29,DEN,4,29,3.6,.524,.800,1.200,0.0,15.5,8.1,20.3,3.3,0.0,39.6,18.7,,-0.1,0.0,0.0,-0.081,,,,,
76,2021,Vlatko Čančar,PF,23,DEN,1,4,-23.1,.000,.000,.000,0.0,0.0,0.0,0.0,0.0,0.0,50.0,21.5,,0.0,0.0,-0.1,-0.646,,,,,
77,2021,Clint Capela,C,26,ATL,2,40,17.9,.509,.000,.333,13.8,39.2,27.2,3.4,0.0,6.6,6.8,15.0,,0.1,0.0,0.1,.126,,,,,
78,2021,Vernon Carey Jr.,C,19,CHO,1,4,0.7,.000,.500,.000,0.0,27.7,13.0,28.6,0.0,25.4,0.0,20.5,,0.0,0.0,0.0,-0.245,,,,,
79,2021,Jevon Carter,PG,25,PHO,5,61,2.7,.348,.609,.000,0.0,14.6,7.2,6.7,1.6,0.0,4.2,17.5,,-0.2,0.1,0.0,-0.029,,,,,
80,2021,Wendell Carter Jr.,C,21,CHI,5,142,13.4,.608,.163,.465,7.0,25.9,16.4,12.6,0.3,1.9,17.5,17.8,,0.2,0.1,0.2,.076,,,,,
81,2021,Michael Carter-Williams,SG,29,ORL,5,111,11.6,.506,.207,.207,8.8,15.5,12.0,9.6,1.7,2.2,15.9,14.0,,0.0,0.1,0.2,.085,,,,,
82,2021,Alex Caruso,PG,26,LAL,3,41,10.1,.727,.727,.000,0.0,12.5,6.8,9.2,2.3,0.0,31.3,16.6,,0.0,0.1,0.0,.048,,,,,
83,2021,,,,,,,,,,,,,,,,,,,,,,,,,,,,
84,2021,Willie Cauley-Stein,C,27,DAL,4,47,16.1,.568,.091,.636,11.3,19.7,15.3,9.5,2.1,4.2,12.4,15.1,,0.1,0.1,0.1,.151,,,,,
85,2021,Chris Chiozza,PG,25,BRK,1,27,5.0,.470,.571,.143,0.0,3.4,1.8,21.7,0.0,0.0,16.8,27.6,,0.0,0.0,0.0,-0.068,,,,,
86,2021,Marquese Chriss,PF,23,GSW,2,27,12.3,.412,.357,.286,10.4,39.3,23.9,12.3,0.0,6.7,11.3,25.9,,-0.1,0.0,0.0,-0.054,,,,,
87,2021,Gary Clark,SF,26,ORL,2,19,2.8,.338,.750,.250,5.2,22.7,13.5,6.4,0.0,0.0,18.4,11.8,,0.0,0.0,0.0,-0.042,,,,,
88,2021,Brandon Clarke,PF,24,MEM,4,101,9.6,.424,.146,.341,6.0,14.4,10.2,5.8,0.9,1.7,4.1,19.8,,-0.1,0.0,-0.1,-0.031,,,,,
89,2021,Jordan Clarkson,SG,28,UTA,4,90,24.0,.607,.440,.200,7.2,14.9,11.2,10.1,1.6,0.9,8.4,27.7,,0.3,0.1,0.4,.212,,,,,
90,2021,Amir Coffey,SG,23,LAC,5,36,7.6,.450,.500,.250,3.2,3.2,3.2,11.2,0.0,0.0,0.0,16.2,,0.0,0.0,0.0,.025,,,,,
91,2021,John Collins,PF,23,ATL,4,102,24.9,.668,.239,.391,9.7,19.2,14.8,7.9,0.9,4.3,8.5,23.5,,0.5,0.1,0.5,.240,,,,,
92,2021,Mike Conley,PG,33,UTA,4,130,18.1,.591,.500,.268,2.5,16.7,9.8,23.4,1.5,0.6,13.8,23.4,,0.3,0.2,0.5,.168,,,,,
93,2021,Pat Connaughton,SG,28,MIL,5,88,12.6,.587,.739,.000,1.2,18.3,9.6,9.5,1.1,2.1,4.2,11.1,,0.2,0.1,0.2,.130,,,,,
94,2021,Quinn Cook,PG,27,LAL,4,13,18.5,.538,.571,.143,0.0,7.9,4.3,21.6,0.0,0.0,0.0,24.3,,0.0,0.0,0.0,.175,,,,,
95,2021,DeMarcus Cousins,C,30,HOU,1,14,16.3,.680,.400,.400,0.0,7.8,4.0,32.9,0.0,0.0,25.4,24.4,,0.0,0.0,0.0,.037,,,,,
96,2021,Robert Covington,PF,30,POR,4,123,6.8,.444,.696,.174,1.8,16.8,9.3,6.6,2.7,1.5,13.9,10.2,,-0.1,0.1,0.0,-0.013,,,,,
97,2021,Torrey Craig,SF,30,MIL,2,13,2.0,.000,.000,.000,0.0,33.0,16.2,16.2,0.0,7.2,50.0,6.3,,0.0,0.0,0.0,-0.032,,,,,
98,2021,Jae Crowder,SF,30,PHO,5,142,15.5,.604,.723,.128,2.3,19.6,10.8,11.1,1.4,0.6,5.7,16.5,,0.3,0.3,0.6,.189,,,,,
99,2021,Jarrett Culver,SG,21,MIN,4,95,9.4,.431,.324,.206,10.7,23.9,16.5,3.0,1.5,1.8,13.9,18.6,,-0.1,0.1,0.0,-0.018,,,,,
100,2021,Seth Curry,SG,30,PHI,5,144,19.3,.729,.587,.304,0.8,7.5,4.3,19.9,1.6,0.6,11.8,17.3,,0.5,0.3,0.8,.258,,,,,
101,2021,Stephen Curry,PG,32,GSW,4,131,22.0,.580,.550,.325,2.1,9.7,5.7,40.0,2.4,1.4,15.7,32.6,,0.2,0.1,0.3,.093,,,,,
102,2021,Anthony Davis,PF,27,LAL,4,131,19.6,.601,.150,.217,2.8,23.5,14.0,16.6,1.1,1.3,13.2,24.6,,0.2,0.2,0.4,.154,,,,,
103,2021,Ed Davis,PF,31,MIN,3,25,13.9,.333,.000,.000,29.7,23.9,27.1,10.8,0.0,6.7,25.0,13.1,,0.0,0.0,0.0,.035,,,,,
104,2021,,,,,,,,,,,,,,,,,,,,,,,,,,,,
105,2021,Terence Davis,SG,23,TOR,2,19,5.9,.714,.714,.000,0.0,21.8,10.6,0.0,0.0,4.8,36.4,24.4,,-0.1,0.0,0.0,-0.081,,,,,
106,2021,DeMar DeRozan,SG,31,SAS,4,138,24.6,.622,.164,.582,2.2,14.0,8.1,33.9,1.3,1.7,9.2,23.1,,0.6,0.1,0.7,.246,,,,,
107,2021,Hamidou Diallo,SG,22,OKC,4,79,13.0,.456,.100,.300,6.8,20.3,13.7,12.0,3.0,2.0,12.8,21.1,,-0.1,0.1,0.0,.020,,,,,
108,2021,Gorgui Dieng,C,31,MEM,4,56,23.7,.646,.520,.120,7.3,18.5,12.8,11.5,2.5,4.5,10.2,21.2,,0.2,0.1,0.2,.177,,,,,
109,2021,Spencer Dinwiddie,PG,27,BRK,3,64,10.4,.536,.438,.375,0.0,18.8,10.1,18.1,1.5,1.2,21.2,15.4,,0.0,0.1,0.1,.088,,,,,
110,2021,Donte DiVincenzo,SG,24,MIL,5,120,21.3,.710,.542,.063,6.0,8.9,7.5,8.0,3.5,0.8,14.0,19.5,,0.3,0.1,0.5,.197,,,,,
111,2021,Luka Dončić,PG,21,DAL,4,120,24.7,.535,.288,.493,1.8,20.2,10.6,38.9,1.2,0.8,9.2,36.0,,0.3,0.1,0.4,.150,,,,,
112,2021,Luguentz Dort,SG,21,OKC,4,112,17.8,.648,.511,.222,4.8,8.0,6.5,6.0,2.1,0.7,9.2,20.8,,0.2,0.1,0.3,.134,,,,,
113,2021,Damyean Dotson,SG,26,CLE,4,76,3.4,.500,.692,.000,0.0,7.2,3.6,6.8,1.3,0.0,23.5,9.6,,-0.1,0.1,0.0,.003,,,,,
114,2021,Sekou Doumbouya,PF,20,DET,4,43,10.8,.383,.200,.250,11.6,24.2,17.4,3.5,1.1,0.0,0.0,21.6,,0.0,0.0,0.0,-0.003,,,,,
115,2021,PJ Dozier,SG,24,DEN,4,70,16.0,.615,.263,.158,8.7,17.7,13.4,7.7,0.7,6.5,12.9,14.3,,0.1,0.0,0.1,.090,,,,,
116,2021,Goran Dragić,PG,34,MIA,4,89,24.4,.659,.349,.372,2.9,10.6,7.1,39.0,2.6,0.0,18.0,29.8,,0.3,0.0,0.3,.169,,,,,
117,2021,Andre Drummond,C,27,CLE,5,155,22.3,.473,.049,.395,13.3,38.9,26.0,19.0,3.7,7.8,15.2,30.9,,-0.1,0.5,0.4,.114,,,,,
118,2021,Jared Dudley,PF,35,LAL,3,11,19.1,1.500,1.000,.000,11.1,37.3,25.3,0.0,0.0,0.0,0.0,3.9,,0.0,0.0,0.1,.239,,,,,
119,2021,Kevin Durant,SF,32,BRK,4,130,29.3,.673,.275,.493,1.7,14.9,8.8,23.4,2.1,1.8,10.6,30.2,,0.6,0.2,0.8,.312,,,,,
120,2021,Anthony Edwards,SG,19,MIN,4,101,15.4,.520,.436,.109,3.7,5.9,4.6,11.6,1.4,0.8,3.4,24.2,,0.1,0.0,0.2,.077,,,,,
121,2021,Carsen Edwards,SG,22,BOS,2,15,17.1,.500,.333,.000,7.1,16.2,11.3,21.3,0.0,5.8,10.0,28.3,,0.0,0.0,0.0,.044,,,,,
122,2021,CJ Elleby,SF,20,POR,2,13,4.4,.368,.600,.200,8.5,8.4,8.4,11.8,0.0,0.0,0.0,18.3,,0.0,0.0,0.0,-0.075,,,,,
123,2021,Wayne Ellington,SG,33,DET,1,21,8.2,.527,.700,.100,4.7,0.0,2.5,0.0,0.0,0.0,8.7,22.7,,0.0,0.0,0.0,-0.023,,,,,
124,2021,Joel Embiid,C,26,PHI,4,130,29.9,.642,.200,.615,8.4,29.5,19.5,14.4,1.1,3.8,9.8,29.7,,0.5,0.4,0.9,.329,,,,,
125,2021,,,,,,,,,,,,,,,,,,,,,,,,,,,,
126,2021,Drew Eubanks,PF,23,SAS,1,24,0.1,.250,.000,.000,4.2,16.9,10.6,0.0,0.0,6.4,0.0,14.0,,-0.1,0.0,0.0,-0.094,,,,,
127,2021,Dante Exum,SG,25,CLE,4,81,8.7,.450,.444,.111,1.3,14.9,8.1,19.6,1.8,2.5,17.5,12.1,,0.0,0.1,0.1,.066,,,,,
128,2021,Tacko Fall,C,25,BOS,1,6,28.2,.532,.000,2.000,17.7,0.0,9.5,0.0,0.0,29.1,0.0,13.3,,0.0,0.0,0.0,.259,,,,,
129,2021,Derrick Favors,C,29,UTA,4,59,24.8,.672,.000,.350,14.7,22.7,18.8,17.0,1.6,1.4,11.5,18.5,,0.2,0.1,0.3,.273,,,,,
130,2021,Terrance Ferguson,SG,22,PHI,2,11,-9.7,.000,1.000,.000,0.0,8.9,4.7,11.4,0.0,0.0,0.0,11.5,,-0.1,0.0,0.0,-0.177,,,,,
131,2021,Bruno Fernando,C,22,ATL,4,52,12.0,.683,.000,.500,14.9,35.8,25.9,9.6,1.8,1.7,48.9,11.2,,0.0,0.1,0.1,.049,,,,,
132,2021,Dorian Finney-Smith,PF,27,DAL,4,107,11.2,.504,.688,.125,5.0,13.0,8.8,5.4,2.7,0.9,5.6,14.8,,0.1,0.1,0.2,.077,,,,,
133,2021,Malachi Flynn,PG,22,TOR,2,4,-19.5,.000,1.000,.000,0.0,0.0,0.0,0.0,0.0,0.0,0.0,21.0,,0.0,0.0,0.0,-0.479,,,,,
134,2021,Bryn Forbes,SG,27,MIL,5,78,7.5,.563,.571,.107,1.3,6.9,4.0,1.6,0.0,0.0,9.3,16.9,,0.0,0.0,0.0,.027,,,,,
135,2021,Evan Fournier,SF,28,ORL,5,127,17.9,.671,.511,.511,1.5,5.1,3.2,11.4,2.5,0.0,14.0,20.8,,0.3,0.1,0.5,.173,,,,,
136,2021,De'Aaron Fox,PG,23,SAC,5,170,18.5,.525,.262,.381,3.7,6.7,5.2,29.9,2.2,2.5,14.0,28.0,,0.2,0.1,0.3,.092,,,,,
137,2021,Markelle Fultz,PG,22,ORL,5,145,16.1,.494,.145,.211,3.4,8.9,6.0,28.6,1.6,1.1,10.7,26.5,,0.1,0.2,0.2,.082,,,,,
138,2021,Daniel Gafford,PF,22,CHI,4,58,17.8,.611,.000,.750,9.5,11.5,10.5,5.2,1.5,6.1,4.5,15.4,,0.1,0.0,0.2,.153,,,,,
139,2021,Danilo Gallinari,PF,32,ATL,2,28,21.6,.922,.375,.500,0.0,17.5,9.3,16.2,0.0,0.0,23.5,18.5,,0.1,0.0,0.1,.188,,,,,
140,2021,Langston Galloway,SG,29,PHO,5,51,14.0,.609,.667,.111,0.0,6.5,3.2,11.4,0.0,0.0,0.0,16.4,,0.1,0.1,0.2,.178,,,,,
141,2021,Darius Garland,SG,21,CLE,5,181,18.3,.620,.392,.081,1.8,9.1,5.4,31.1,1.8,0.6,14.5,21.2,,0.4,0.2,0.6,.172,,,,,
142,2021,Marc Gasol,C,36,LAL,5,92,13.7,.871,.455,.455,7.9,25.6,17.6,14.0,0.5,5.6,40.5,10.3,,0.1,0.2,0.3,.158,,,,,
143,2021,Rudy Gay,PF,34,SAS,4,102,13.1,.495,.533,.178,3.0,17.9,10.5,8.1,1.4,4.5,9.3,22.0,,-0.1,0.1,0.1,.030,,,,,
144,2021,Paul George,SF,30,LAC,5,154,23.0,.701,.528,.250,0.0,21.6,10.8,30.3,1.3,1.3,21.6,29.0,,0.4,0.1,0.5,.153,,,,,
145,2021,Harry Giles,C,22,POR,2,13,31.2,.727,.333,.333,0.0,58.6,29.5,0.0,0.0,14.2,12.7,26.5,,0.0,0.0,0.0,.156,,,,,
146,2021,,,,,,,,,,,,,,,,,,,,,,,,,,,,
147,2021,Shai Gilgeous-Alexander,SG,22,OKC,4,133,16.6,.555,.361,.344,2.4,13.5,8.1,34.6,1.1,1.2,18.6,27.8,,0.1,0.1,0.2,.057,,,,,
148,2021,Anthony Gill,PF,28,WAS,1,3,39.8,1.500,1.000,.000,0.0,0.0,0.0,0.0,0.0,0.0,0.0,13.7,,0.0,0.0,0.0,.177,,,,,
149,2021,Rudy Gobert,C,28,UTA,4,128,26.7,.742,.000,.541,11.0,35.5,23.6,10.4,1.1,3.9,14.9,17.6,,0.5,0.2,0.7,.270,,,,,
150,2021,Brandon Goodwin,PG,25,ATL,2,25,4.8,.410,.625,.500,4.4,3.9,4.2,20.1,0.0,0.0,9.3,17.5,,0.0,0.0,0.0,-0.010,,,,,
151,2021,Aaron Gordon,PF,25,ORL,5,118,14.8,.534,.311,.422,3.3,23.7,13.0,7.3,2.0,2.1,11.6,21.1,,0.0,0.2,0.2,.088,,,,,
152,2021,Eric Gordon,SG,32,HOU,1,26,17.7,.660,.667,.167,4.4,4.2,4.3,0.0,3.6,0.0,13.4,24.8,,0.0,0.0,0.0,.070,,,,,
153,2021,Devonte' Graham,PG,25,CHO,4,136,10.0,.421,.577,.115,2.1,9.0,5.3,27.2,1.7,0.0,8.4,18.0,,0.0,0.2,0.2,.064,,,,,
154,2021,Jerami Grant,PF,26,DET,4,149,19.8,.605,.455,.318,3.3,14.7,8.6,7.8,1.3,4.8,6.2,22.5,,0.4,0.1,0.5,.154,,,,,
155,2021,Danny Green,SG,33,PHI,5,111,6.7,.425,.760,.080,2.9,6.2,4.7,7.5,3.4,3.0,18.8,12.1,,-0.1,0.3,0.1,.056,,,,,
156,2021,Javonte Green,SG,27,BOS,2,25,13.4,.563,.375,.000,12.7,9.7,11.3,5.5,0.0,0.0,11.1,15.3,,0.0,0.0,0.0,.056,,,,,
157,2021,Jeff Green,PF,34,BRK,5,82,9.8,.669,.563,.063,1.3,6.8,4.3,8.0,1.1,0.9,5.7,8.9,,0.1,0.1,0.2,.125,,,,,
158,2021,Josh Green,SG,20,DAL,4,30,6.9,.615,.000,.500,3.6,11.6,7.4,9.1,0.0,0.0,29.1,10.1,,0.0,0.0,0.0,.019,,,,,
159,2021,Blake Griffin,PF,31,DET,3,96,16.4,.611,.622,.189,0.0,21.6,10.0,14.9,2.0,0.0,11.1,19.6,,0.1,0.1,0.2,.100,,,,,
160,2021,Kyle Guy,SG,23,SAC,1,6,38.0,.868,.500,1.000,0.0,38.2,18.4,24.0,0.0,0.0,0.0,20.0,,0.1,0.0,0.1,.526,,,,,
161,2021,Rui Hachimura,PF,22,WAS,1,25,25.2,.738,.250,1.000,8.6,13.2,10.9,17.7,1.8,0.0,14.8,22.2,,0.1,0.0,0.1,.218,,,,,
162,2021,Tyrese Haliburton,PG,20,SAC,5,134,18.5,.706,.588,.235,2.4,6.0,4.1,22.6,1.8,1.3,9.6,12.9,,0.5,0.1,0.5,.191,,,,,
163,2021,Josh Hall,SF,20,OKC,2,11,-13.5,.218,.667,.333,0.0,9.1,4.7,0.0,0.0,0.0,0.0,26.8,,-0.1,0.0,-0.1,-0.370,,,,,
164,2021,R.J. Hampton,PG,19,DEN,2,5,14.8,1.000,.000,.000,0.0,22.5,11.7,0.0,0.0,0.0,0.0,8.6,,0.0,0.0,0.0,.140,,,,,
165,2021,Tim Hardaway Jr.,SG,28,DAL,4,105,17.5,.580,.587,.196,1.0,15.4,7.9,7.9,1.9,0.0,2.0,21.5,,0.2,0.1,0.3,.125,,,,,
166,2021,James Harden,SG,31,HOU,3,113,34.9,.722,.541,.590,3.0,12.6,7.9,50.1,1.2,0.7,17.2,35.6,,0.8,0.0,0.8,.323,,,,,
167,2021,,,,,,,,,,,,,,,,,,,,,,,,,,,,
168,2021,Maurice Harkless,SF,27,MIA,4,36,-2.9,.300,.600,.000,0.0,11.6,6.4,3.5,0.0,0.0,28.6,8.5,,-0.1,0.0,-0.1,-0.128,,,,,
169,2021,Jared Harper,PG,23,NYK,2,5,-1.1,.532,.000,2.000,0.0,0.0,0.0,0.0,0.0,0.0,34.7,24.6,,0.0,0.0,0.0,-0.163,,,,,
170,2021,Montrezl Harrell,C,27,LAL,5,131,21.8,.698,.050,.575,13.0,14.9,14.0,9.3,0.7,1.3,12.3,18.5,,0.5,0.1,0.7,.245,,,,,
171,2021,Gary Harris,SG,26,DEN,4,124,8.0,.509,.486,.086,1.0,5.4,3.3,6.4,1.9,0.7,9.9,14.0,,0.0,0.0,0.0,-0.015,,,,,
172,2021,Joe Harris,SF,29,BRK,5,152,13.9,.655,.560,.120,5.0,7.9,6.6,7.5,0.3,1.0,8.7,15.8,,0.3,0.1,0.5,.147,,,,,
173,2021,Tobias Harris,PF,28,PHI,5,154,20.9,.579,.333,.153,7.8,19.8,14.1,14.7,1.5,3.2,9.4,23.2,,0.3,0.4,0.7,.211,,,,,
174,2021,Shaquille Harrison,SG,27,UTA,1,3,0.0,,,,0.0,0.0,0.0,0.0,0.0,0.0,,0.0,,0.0,0.0,0.0,.013,,,,,
175,2021,Josh Hart,SG,25,NOP,5,145,11.9,.590,.625,.438,3.8,26.8,15.4,3.0,1.3,0.0,7.3,12.2,,0.2,0.3,0.5,.156,,,,,
176,2021,Isaiah Hartenstein,C,22,DEN,4,37,14.9,.487,.000,.471,23.1,24.3,23.8,8.1,1.3,7.4,19.6,29.7,,0.0,0.0,0.0,-0.014,,,,,
177,2021,Jaxson Hayes,C,20,NOP,5,53,6.1,.387,.000,.667,8.3,26.5,17.5,10.0,0.9,8.9,39.2,10.4,,-0.1,0.1,0.0,.034,,,,,
178,2021,Killian Hayes,PG,19,DET,4,87,-0.4,.335,.448,.069,1.1,6.6,3.7,22.5,1.1,0.0,25.1,19.1,,-0.3,0.0,-0.3,-0.176,,,,,
179,2021,Gordon Hayward,SF,30,CHO,4,137,16.7,.557,.328,.134,1.4,16.2,8.3,27.3,1.7,0.0,11.3,24.0,,0.2,0.2,0.4,.134,,,,,
180,2021,Juan Hernangómez,PF,25,MIN,4,49,-0.6,.218,.588,.176,5.7,24.3,13.8,0.0,1.9,1.7,9.8,17.0,,-0.2,0.0,-0.2,-0.176,,,,,
181,2021,Willy Hernangómez,C,26,NOP,1,7,3.0,.181,.000,4.000,0.0,61.8,31.1,18.0,0.0,0.0,0.0,17.0,,0.0,0.0,0.0,-0.097,,,,,
182,2021,Tyler Herro,SG,21,MIA,4,136,13.5,.592,.434,.189,0.9,19.2,11.0,21.1,0.7,0.0,17.3,22.2,,0.1,0.0,0.1,.042,,,,,
183,2021,Buddy Hield,SG,28,SAC,5,182,10.7,.537,.671,.164,1.7,10.1,5.7,10.9,0.8,0.9,10.3,20.0,,0.1,0.0,0.2,.047,,,,,
184,2021,George Hill,PG,34,OKC,3,73,23.0,.670,.448,.241,5.8,6.8,6.4,26.1,1.3,0.0,8.6,20.6,,0.3,0.0,0.3,.211,,,,,
185,2021,Solomon Hill,PF,29,ATL,4,78,6.1,.602,.818,.045,2.8,8.8,6.0,0.0,0.6,2.3,18.2,14.3,,0.0,0.0,0.0,-0.010,,,,,
186,2021,Aaron Holiday,PG,24,IND,5,95,12.1,.547,.438,.063,3.8,6.8,5.4,12.0,3.5,0.9,13.2,16.9,,0.0,0.1,0.2,.096,,,,,
187,2021,Jrue Holiday,SG,30,MIL,5,152,21.8,.615,.406,.094,4.1,10.6,7.3,23.3,2.8,2.4,11.9,20.3,,0.5,0.2,0.7,.214,,,,,
188,2021,,,,,,,,,,,,,,,,,,,,,,,,,,,,
189,2021,Justin Holiday,SG,31,IND,5,131,10.1,.580,.529,.206,0.9,11.5,6.5,3.7,2.9,0.6,11.9,13.6,,0.0,0.2,0.2,.085,,,,,
190,2021,Richaun Holmes,PF,27,SAC,5,140,22.3,.722,.000,.238,12.9,24.5,18.5,7.6,2.4,2.5,16.2,16.5,,0.4,0.2,0.6,.204,,,,,
191,2021,Rodney Hood,SF,28,POR,4,60,4.3,.393,.429,.000,0.0,10.9,5.5,15.8,2.4,0.0,22.2,13.1,,-0.1,0.0,-0.1,-0.088,,,,,
192,2021,Al Horford,C,34,OKC,3,82,16.8,.634,.583,.042,1.3,28.0,15.1,18.7,0.6,1.0,7.6,13.8,,0.2,0.1,0.3,.152,,,,,
193,2021,Talen Horton-Tucker,SG,20,LAL,4,48,21.6,.588,.364,.273,2.5,10.7,7.0,14.2,3.9,3.6,7.5,23.6,,0.1,0.1,0.2,.228,,,,,
194,2021,Danuel House,SF,27,HOU,3,95,6.9,.471,.478,.348,0.0,13.8,7.0,10.9,0.5,0.0,3.6,12.5,,0.0,0.0,0.0,.006,,,,,
195,2021,Dwight Howard,C,35,PHI,5,68,15.3,.791,.059,.176,12.8,27.5,20.5,7.3,1.4,4.8,37.5,18.2,,0.0,0.2,0.2,.140,,,,,
196,2021,Markus Howard,G,21,DEN,2,1,-40.5,.000,1.000,.000,0.0,0.0,0.0,0.0,0.0,0.0,0.0,43.0,,0.0,0.0,0.0,-1.072,,,,,
197,2021,Kevin Huerter,SG,22,ATL,4,102,15.9,.614,.500,.194,3.2,5.8,4.6,19.4,1.8,0.0,9.3,17.2,,0.3,0.0,0.3,.140,,,,,
198,2021,Elijah Hughes,SF,22,UTA,1,3,38.7,.543,.000,4.000,0.0,34.4,17.6,40.8,0.0,0.0,0.0,38.6,,0.0,0.0,0.0,.462,,,,,
199,2021,De'Andre Hunter,SF,23,ATL,4,127,10.3,.556,.512,.122,2.6,19.3,11.4,10.7,0.4,1.4,10.4,15.4,,0.1,0.0,0.2,.060,,,,,
200,2021,Chandler Hutchison,SF,24,CHI,4,52,3.9,.385,.188,.125,2.1,34.3,18.1,10.3,0.9,0.0,15.1,15.4,,-0.1,0.0,-0.1,-0.062,,,,,
201,2021,Serge Ibaka,C,31,LAC,5,106,25.1,.643,.320,.200,5.4,30.3,17.9,16.0,0.5,5.9,6.8,24.2,,0.4,0.1,0.5,.221,,,,,
202,2021,Andre Iguodala,SF,37,MIA,3,63,0.5,.300,.800,.000,4.1,21.5,13.7,10.1,1.5,3.0,41.2,11.7,,-0.2,0.1,-0.2,-0.119,,,,,
203,2021,Joe Ingles,PF,33,UTA,4,105,9.6,.544,.690,.103,2.1,9.8,6.0,19.0,1.4,0.8,20.9,15.3,,0.0,0.1,0.1,.067,,,,,
204,2021,Brandon Ingram,PF,23,NOP,5,164,22.9,.580,.349,.302,2.0,21.1,11.6,31.2,1.2,2.2,12.6,29.3,,0.4,0.3,0.7,.202,,,,,
205,2021,Kyrie Irving,PG,28,BRK,4,129,28.5,.662,.444,.123,1.7,9.3,5.8,34.7,1.4,0.0,7.6,29.9,,0.7,0.1,0.8,.299,,,,,
206,2021,Wesley Iwundu,SF,26,DAL,3,18,24.9,.643,.300,.200,0.0,6.4,3.1,0.0,2.7,0.0,0.0,26.7,,0.0,0.0,0.1,.154,,,,,
207,2021,Josh Jackson,SF,23,DET,4,105,19.4,.583,.415,.264,2.8,23.1,12.2,13.9,1.8,2.9,10.6,26.3,,0.1,0.1,0.2,.102,,,,,
208,2021,Justin Jackson,PF,25,OKC,1,29,4.0,.581,.500,.333,0.0,6.9,3.6,14.9,0.0,0.0,36.8,16.1,,-0.1,0.0,-0.1,-0.086,,,,,
209,2021,,,,,,,,,,,,,,,,,,,,,,,,,,,,
210,2021,Reggie Jackson,SG,30,LAC,5,85,14.1,.543,.633,.167,1.4,12.2,6.8,16.8,2.3,1.2,5.8,17.6,,0.1,0.1,0.2,.105,,,,,
211,2021,Justin James,SF,24,SAC,1,3,10.7,,,,0.0,0.0,0.0,38.7,0.0,0.0,,0.0,,0.0,0.0,0.0,.122,,,,,
212,2021,LeBron James,PG,36,LAL,5,157,23.4,.566,.341,.308,3.9,19.6,12.4,32.4,1.5,1.1,14.1,32.6,,0.4,0.2,0.6,.178,,,,,
213,2021,Isaiah Joe,SG,21,PHI,2,14,2.4,.333,.667,.000,0.0,21.1,11.1,9.9,3.4,0.0,25.0,12.0,,0.0,0.0,0.0,-0.003,,,,,
214,2021,Cameron Johnson,PF,24,PHO,5,112,24.4,.729,.600,.222,1.0,10.9,5.9,7.2,1.8,2.4,2.0,20.0,,0.5,0.2,0.7,.304,,,,,
215,2021,James Johnson,PF,33,DAL,4,65,17.5,.432,.333,.533,6.6,24.9,15.4,25.5,4.5,1.5,5.1,13.3,,0.1,0.1,0.2,.165,,,,,
216,2021,Keldon Johnson,SF,21,SAS,4,116,12.8,.502,.273,.250,4.4,20.1,12.3,12.7,2.0,2.0,14.1,20.6,,-0.1,0.2,0.1,.041,,,,,
217,2021,Stanley Johnson,PF,24,TOR,3,36,9.5,.389,.556,.000,8.2,25.9,16.8,8.1,2.6,2.6,10.0,11.7,,0.0,0.1,0.1,.101,,,,,
218,2021,Tyler Johnson,SG,28,BRK,2,8,21.7,.750,.500,.000,13.5,0.0,6.2,0.0,5.8,0.0,0.0,10.4,,0.0,0.0,0.0,.257,,,,,
219,2021,Nikola Jokić,C,25,DEN,4,153,30.1,.708,.179,.536,8.8,25.8,17.6,53.9,1.9,1.8,25.8,26.2,,0.7,0.1,0.8,.252,,,,,
220,2021,Damian Jones,C,25,PHO,4,30,2.5,.333,.000,.000,10.9,11.1,11.0,0.0,1.6,6.0,40.0,7.4,,0.0,0.1,0.0,.051,,,,,
221,2021,Derrick Jones Jr.,SF,23,POR,4,134,3.8,.401,.464,.357,2.5,9.7,6.1,2.0,0.7,2.8,5.8,11.2,,-0.1,0.0,-0.2,-0.056,,,,,
222,2021,Tre Jones,PG,21,SAS,1,1,36.0,.500,.000,.000,0.0,0.0,0.0,0.0,0.0,0.0,0.0,83.9,,0.0,0.0,0.0,.159,,,,,
223,2021,Tyus Jones,PG,24,MEM,4,87,7.2,.375,.250,.107,1.2,9.5,5.3,15.6,2.1,1.9,12.0,15.5,,-0.1,0.0,-0.1,-0.059,,,,,
224,2021,DeAndre Jordan,C,32,BRK,5,100,11.3,.620,.000,.727,6.5,31.4,19.9,12.7,0.9,6.9,40.8,10.2,,0.0,0.3,0.2,.101,,,,,
225,2021,Cory Joseph,PG,29,SAC,5,115,11.9,.541,.382,.382,0.0,9.0,4.3,16.5,2.1,2.2,11.2,16.2,,0.1,0.1,0.2,.088,,,,,
226,2021,Mfiondu Kabengele,PF,23,LAC,5,31,-2.2,.253,.667,.222,0.0,14.8,7.4,7.8,3.1,3.3,16.8,16.8,,-0.1,0.0,-0.1,-0.146,,,,,
227,2021,Frank Kaminsky,C,27,PHO,4,30,10.7,.441,.200,.133,7.2,11.1,9.2,10.3,0.0,3.0,5.9,25.0,,0.0,0.1,0.0,.037,,,,,
228,2021,Enes Kanter,C,28,POR,4,91,23.5,.724,.000,.133,14.5,34.7,24.7,0.0,0.5,1.0,8.6,16.7,,0.3,0.0,0.4,.192,,,,,
229,2021,Luke Kennard,SG,24,LAC,5,117,6.6,.515,.486,.054,0.0,12.8,6.4,11.8,1.2,0.9,19.2,17.6,,-0.1,0.1,-0.1,-0.027,,,,,
230,2021,,,,,,,,,,,,,,,,,,,,,,,,,,,,
231,2021,Maxi Kleber,PF,29,DAL,4,85,16.5,.780,.941,.471,3.8,21.8,12.4,5.0,1.1,3.5,12.8,12.2,,0.2,0.1,0.3,.186,,,,,
232,2021,Nathan Knight,PF,23,ATL,2,14,27.3,.761,.429,.714,23.6,21.0,22.2,0.0,0.0,0.0,24.6,35.5,,0.0,0.0,0.0,.168,,,,,
233,2021,Kevin Knox,SF,21,NYK,5,121,8.4,.518,.500,.167,4.4,10.5,7.6,7.8,1.2,1.5,15.3,16.1,,-0.1,0.1,0.1,.036,,,,,
234,2021,John Konchar,SG,24,MEM,3,54,16.5,.610,.385,.308,1.9,15.4,8.6,12.5,3.4,1.6,6.3,11.8,,0.1,0.0,0.2,.142,,,,,
235,2021,Furkan Korkmaz,SG,23,PHI,3,55,0.7,.362,.667,.083,0.0,10.7,5.6,7.9,1.7,3.0,19.4,23.7,,-0.3,0.1,-0.1,-0.127,,,,,
236,2021,Rodions Kurucs,PF,22,BRK,2,9,10.2,.750,.500,.000,0.0,20.5,11.1,0.0,0.0,0.0,0.0,9.3,,0.0,0.0,0.0,.151,,,,,
237,2021,Kyle Kuzma,PF,25,LAL,5,125,13.3,.580,.500,.080,2.9,10.7,7.1,9.5,0.4,3.4,11.9,20.0,,0.1,0.1,0.3,.098,,,,,
238,2021,Zach LaVine,SG,25,CHI,5,162,16.2,.576,.460,.379,2.0,12.4,7.2,19.3,2.2,1.6,17.1,30.4,,0.0,0.1,0.1,.044,,,,,
239,2021,Jake Layman,SF,26,MIN,4,58,6.9,.441,.200,.133,0.0,10.3,4.5,4.8,1.6,2.9,0.0,11.2,,0.0,0.0,0.0,.025,,,,,
240,2021,Jalen Lecque,PG,20,IND,2,4,43.6,.615,.000,.500,30.0,53.8,42.6,35.7,0.0,0.0,0.0,25.9,,0.0,0.0,0.0,.546,,,,,
241,2021,Damion Lee,SG,28,GSW,4,71,18.8,.787,.789,.158,3.9,16.4,9.8,10.9,1.9,0.0,4.7,11.8,,0.3,0.0,0.3,.189,,,,,
242,2021,Alex Len,C,27,TOR,2,34,12.2,.962,.600,.800,0.0,21.4,10.4,9.0,0.0,5.4,37.2,13.3,,0.0,0.1,0.1,.107,,,,,
243,2021,Kawhi Leonard,SF,29,LAC,3,95,28.4,.586,.298,.281,3.6,8.5,6.0,31.4,4.6,2.2,7.2,31.9,,0.4,0.1,0.5,.253,,,,,
244,2021,Meyers Leonard,C,28,MIA,2,22,8.7,.750,1.000,.000,0.0,14.2,7.8,6.7,0.0,0.0,14.3,13.8,,0.0,0.0,0.0,.062,,,,,
245,2021,Caris LeVert,SG,26,BRK,5,132,17.5,.473,.367,.101,4.1,12.6,8.7,37.0,2.8,1.7,13.6,30.2,,0.0,0.2,0.2,.090,,,,,
246,2021,Kira Lewis Jr.,PG,19,NOP,2,13,3.4,.286,.286,.000,0.0,0.0,0.0,12.1,3.7,0.0,0.0,23.2,,0.0,0.0,0.0,-0.088,,,,,
247,2021,Damian Lillard,PG,30,POR,4,141,18.4,.562,.543,.386,1.6,12.4,7.0,29.1,1.0,1.3,15.5,30.1,,0.2,0.0,0.1,.045,,,,,
248,2021,Kevon Looney,PF,24,GSW,4,61,10.3,.494,.143,.357,6.1,17.4,11.4,19.1,0.7,0.0,11.0,11.7,,0.1,0.0,0.1,.053,,,,,
249,2021,Brook Lopez,C,32,MIL,5,114,14.2,.582,.424,.212,10.9,6.6,8.8,0.0,1.2,4.9,7.7,14.0,,0.2,0.1,0.3,.139,,,,,
250,2021,Robin Lopez,C,32,WAS,5,70,6.8,.610,.067,.333,7.7,20.4,14.0,0.0,0.0,2.4,22.5,13.0,,0.0,0.0,0.0,-0.002,,,,,
251,2021,,,,,,,,,,,,,,,,,,,,,,,,,,,,
252,2021,Kevin Love,PF,32,CLE,2,46,11.2,.470,.500,.278,4.7,23.8,14.2,15.2,1.0,0.0,12.9,21.6,,0.0,0.1,0.0,.052,,,,,
253,2021,Kyle Lowry,PG,34,TOR,4,148,16.1,.605,.561,.298,2.6,8.4,5.4,37.0,1.9,0.0,19.9,22.9,,0.2,0.3,0.5,.162,,,,,
254,2021,Timothé Luwawu-Cabarrot,SF,25,BRK,5,87,13.5,.617,.606,.182,2.5,7.4,5.2,8.2,1.6,0.9,14.4,20.0,,0.1,0.1,0.2,.106,,,,,
255,2021,Trey Lyles,PF,25,SAS,2,10,17.6,.750,1.000,.000,10.2,20.3,15.2,12.5,0.0,0.0,0.0,8.4,,0.0,0.0,0.0,.205,,,,,
256,2021,Thon Maker,C,23,CLE,2,15,19.0,.820,.000,.500,7.2,14.6,10.9,0.0,0.0,6.7,17.0,16.8,,0.0,0.0,0.1,.219,,,,,
257,2021,Théo Maledon,PG,19,OKC,4,87,2.4,.467,.682,.273,0.0,6.9,3.6,14.7,1.6,0.0,28.9,17.1,,-0.2,0.0,-0.2,-0.100,,,,,
258,2021,Karim Mané,PG,20,ORL,1,19,-4.7,.000,.000,.000,0.0,22.7,10.8,0.0,0.0,0.0,0.0,6.5,,-0.1,0.0,0.0,-0.117,,,,,
259,2021,Terance Mann,SG,24,LAC,5,63,1.7,.294,.118,.000,5.5,14.6,10.0,10.2,0.0,1.6,10.5,13.2,,-0.1,0.0,-0.1,-0.074,,,,,
260,2021,Boban Marjanović,C,32,DAL,3,21,17.0,.551,.200,.200,10.2,27.5,18.5,0.0,0.0,0.0,8.4,25.0,,0.0,0.0,0.0,.035,,,,,
261,2021,Lauri Markkanen,PF,23,CHI,4,106,19.3,.664,.523,.409,4.2,24.2,14.1,7.4,1.3,0.8,11.9,22.3,,0.2,0.1,0.3,.134,,,,,
262,2021,Caleb Martin,SF,25,CHO,3,34,16.7,.526,.250,.250,2.9,13.1,7.6,16.8,5.5,0.0,7.0,17.3,,0.0,0.1,0.1,.153,,,,,
263,2021,Cody Martin,SF,25,CHO,4,63,11.5,.568,.273,.091,6.2,17.6,11.5,18.3,0.7,0.0,14.9,8.8,,0.1,0.1,0.2,.135,,,,,
264,2021,Kelan Martin,SF,25,IND,2,13,-12.9,.143,.286,.000,9.2,0.0,4.4,0.0,7.2,0.0,22.2,29.4,,-0.2,0.0,-0.1,-0.445,,,,,
265,2021,Garrison Mathews,SG,24,WAS,1,0,,,,,,,,,,,,,,0.0,0.0,0.0,,,,,,
266,2021,Dakota Mathias,PG,25,PHI,2,13,13.6,.444,.667,.000,0.0,15.1,8.0,27.2,0.0,0.0,0.0,29.2,,0.0,0.0,0.0,.082,,,,,
267,2021,Wesley Matthews,SG,34,LAL,5,83,11.7,.705,.778,.056,1.5,4.9,3.4,7.3,1.1,1.0,5.1,10.0,,0.2,0.1,0.3,.146,,,,,
268,2021,Tyrese Maxey,SG,20,PHI,5,70,5.7,.400,.167,.000,1.6,7.0,4.4,16.0,1.3,0.0,11.8,20.5,,-0.2,0.1,0.0,-0.024,,,,,
269,2021,Skylar Mays,SG,23,ATL,1,5,-10.8,.000,1.000,.000,0.0,0.0,0.0,0.0,0.0,0.0,0.0,8.1,,0.0,0.0,0.0,-0.220,,,,,
270,2021,CJ McCollum,SG,29,POR,4,143,26.9,.598,.523,.148,1.5,9.1,5.4,32.7,1.7,1.3,3.1,29.6,,0.6,0.0,0.6,.196,,,,,
271,2021,T.J. McConnell,PG,28,IND,5,81,13.8,.571,.000,.143,5.9,15.9,11.2,36.3,3.5,0.0,42.5,13.6,,0.0,0.1,0.2,.100,,,,,
272,2021,,,,,,,,,,,,,,,,,,,,,,,,,,,,
273,2021,Jaden McDaniels,PF,20,MIN,2,15,22.5,.922,.750,.500,0.0,23.9,10.4,0.0,6.2,5.6,29.1,18.8,,0.0,0.0,0.0,.139,,,,,
274,2021,Jalen McDaniels,SF,23,CHO,4,37,3.6,.530,.273,.455,2.6,21.0,11.2,11.0,1.3,0.0,31.3,21.3,,-0.1,0.1,-0.1,-0.066,,,,,
275,2021,Doug McDermott,PF,29,IND,5,122,14.4,.562,.510,.245,6.9,15.9,11.6,6.5,0.8,0.0,6.9,20.3,,0.2,0.1,0.3,.115,,,,,
276,2021,Sean McDermott,SF,24,MEM,1,21,6.2,.410,.500,.500,9.7,4.9,7.3,11.8,0.0,0.0,17.0,11.4,,0.0,0.0,0.0,-0.022,,,,,
277,2021,JaVale McGee,C,33,CLE,5,80,19.8,.560,.158,.342,16.2,34.3,25.2,6.3,1.2,6.3,15.5,27.7,,0.0,0.2,0.2,.128,,,,,
278,2021,Alfonzo McKinnie,SF,28,LAL,3,11,40.3,1.127,.250,.500,11.1,18.6,15.2,0.0,0.0,0.0,17.0,22.7,,0.1,0.0,0.1,.382,,,,,
279,2021,Jordan McLaughlin,PG,24,MIN,2,34,6.7,.333,.333,.000,0.0,10.5,4.6,40.0,0.0,0.0,18.2,13.2,,0.0,0.0,0.0,-0.045,,,,,
280,2021,Nicolò Melli,PF,30,NOP,4,55,5.2,.400,.750,.333,2.0,21.6,11.9,14.8,1.8,0.0,22.5,13.9,,-0.1,0.1,0.0,.018,,,,,
281,2021,De'Anthony Melton,PG,22,MEM,1,25,1.8,.250,.500,.000,0.0,8.3,4.1,4.9,0.0,6.8,0.0,9.7,,0.0,0.0,0.0,-0.084,,,,,
282,2021,Sam Merrill,SG,24,MIL,4,29,27.5,1.000,.667,.000,10.7,18.5,14.5,29.7,1.6,0.0,14.3,9.8,,0.2,0.0,0.2,.373,,,,,
283,2021,Khris Middleton,SF,29,MIL,5,158,25.5,.639,.383,.210,3.3,19.0,11.0,29.3,1.5,0.0,11.1,25.7,,0.8,0.1,0.9,.269,,,,,
284,2021,Patty Mills,PG,32,SAS,4,94,22.3,.776,.576,.212,2.2,6.5,4.3,18.3,1.0,0.0,5.3,17.0,,0.4,0.0,0.5,.248,,,,,
285,2021,Paul Millsap,PF,35,DEN,4,111,12.9,.698,.367,.333,2.2,13.2,7.9,7.5,0.0,0.0,12.7,15.3,,0.2,-0.1,0.2,.066,,,,,
286,2021,Shake Milton,SG,24,PHI,5,125,11.8,.499,.380,.280,0.0,6.3,3.3,16.4,2.3,1.3,8.2,20.6,,0.0,0.3,0.3,.110,,,,,
287,2021,Donovan Mitchell,SG,24,UTA,4,139,12.4,.450,.435,.224,1.6,8.2,4.9,21.3,2.1,1.2,10.5,31.5,,-0.1,0.2,0.1,.023,,,,,
288,2021,Adam Mokoka,SG,22,CHI,2,22,2.7,.286,.571,.000,5.0,5.1,5.0,12.1,2.0,4.0,12.5,14.6,,-0.1,0.0,0.0,-0.095,,,,,
289,2021,E'Twaun Moore,SG,31,PHO,1,6,-27.3,.000,1.000,.000,0.0,0.0,0.0,0.0,0.0,0.0,66.7,22.2,,-0.1,0.0,-0.1,-0.594,,,,,
290,2021,Ja Morant,PG,21,MEM,3,81,31.7,.623,.164,.345,2.5,6.4,4.4,48.6,1.1,2.1,9.9,35.3,,0.4,0.0,0.4,.233,,,,,
291,2021,Juwan Morgan,PF,23,UTA,2,4,-7.3,.000,1.000,.000,0.0,25.8,13.2,0.0,0.0,0.0,0.0,10.5,,0.0,0.0,0.0,-0.199,,,,,
292,2021,Markieff Morris,PF,31,LAL,5,76,13.9,.566,.684,.158,8.0,25.6,17.6,9.4,0.6,3.4,9.0,12.5,,0.1,0.1,0.3,.161,,,,,
293,2021,,,,,,,,,,,,,,,,,,,,,,,,,,,,
294,2021,Monte Morris,PG,25,DEN,4,107,18.4,.633,.371,.343,1.1,7.4,4.4,17.2,1.3,1.7,4.7,17.0,,0.3,0.0,0.3,.141,,,,,
295,2021,Mychal Mulder,PG,26,GSW,4,46,10.4,.601,.857,.429,0.0,11.5,5.4,0.0,1.0,2.0,5.7,15.1,,0.0,0.0,0.0,.039,,,,,
296,2021,Dejounte Murray,PG,24,SAS,4,127,19.5,.610,.207,.103,1.6,22.4,12.0,35.2,1.8,0.0,19.8,25.0,,0.1,0.1,0.3,.106,,,,,
297,2021,Jamal Murray,PG,23,DEN,3,103,11.5,.530,.512,.372,4.8,10.9,8.0,8.1,1.4,0.9,12.3,23.8,,0.0,0.0,0.0,.002,,,,,
298,2021,Mike Muscala,C,29,OKC,4,72,23.3,.750,.667,.100,1.5,13.9,7.9,12.4,1.3,1.1,6.0,19.8,,0.3,0.1,0.3,.225,,,,,
299,2021,Sviatoslav Mykhailiuk,SF,23,DET,4,66,5.8,.428,.815,.185,0.0,15.7,7.3,6.6,2.2,0.0,9.3,20.4,,-0.1,0.0,-0.1,-0.049,,,,,
300,2021,Larry Nance Jr.,PF,28,CLE,5,172,15.3,.566,.447,.105,6.3,15.9,11.1,19.7,3.6,2.9,20.1,12.4,,0.2,0.4,0.6,.154,,,,,
301,2021,Aaron Nesmith,SF,21,BOS,2,29,2.9,.444,.778,.000,3.7,8.4,5.9,4.4,0.0,3.0,18.2,16.1,,0.0,0.0,-0.1,-0.086,,,,,
302,2021,Raul Neto,PG,28,WAS,5,88,20.3,.681,.556,.139,2.4,8.8,5.6,12.2,3.1,0.0,7.3,19.2,,0.2,0.0,0.3,.156,,,,,
303,2021,Georges Niang,PF,27,UTA,4,27,-9.0,.000,.833,.000,4.0,7.6,5.9,0.0,0.0,0.0,0.0,9.3,,-0.1,0.0,-0.1,-0.173,,,,,
304,2021,Zeke Nnaji,PF,20,DEN,2,4,-14.0,.000,1.000,.000,0.0,0.0,0.0,0.0,0.0,0.0,0.0,10.8,,0.0,0.0,0.0,-0.299,,,,,
305,2021,Nerlens Noel,C,26,NYK,5,74,10.3,.520,.000,.188,11.6,21.2,16.6,4.1,2.6,8.7,36.6,15.8,,-0.2,0.2,0.0,.011,,,,,
306,2021,Frank Ntilikina,PG,22,NYK,4,42,12.1,.587,.643,.214,2.6,7.0,4.9,11.5,3.4,0.0,11.5,17.6,,0.0,0.1,0.1,.109,,,,,
307,2021,Kendrick Nunn,PG,25,MIA,3,48,10.4,.403,.333,.143,2.7,8.7,6.0,21.7,2.0,2.0,8.2,22.1,,-0.1,0.0,0.0,-0.041,,,,,
308,2021,Jusuf Nurkić,C,26,POR,4,105,14.1,.565,.161,.258,6.3,24.9,15.6,19.2,0.9,2.6,20.7,18.1,,0.0,0.0,0.1,.033,,,,,
309,2021,David Nwaba,SG,28,HOU,2,59,12.4,.498,.286,.333,3.9,9.3,6.6,2.4,2.4,2.9,4.0,18.4,,0.0,0.0,0.0,.028,,,,,
310,2021,Jordan Nwora,SF,22,MIL,3,29,15.4,.578,.421,.211,0.0,18.5,9.1,0.0,1.6,0.0,12.6,33.4,,0.0,0.0,0.0,.054,,,,,
311,2021,Royce O'Neale,SF,27,UTA,4,131,7.6,.583,.611,.111,7.5,20.5,14.1,2.0,0.7,1.9,24.1,8.0,,0.0,0.2,0.2,.067,,,,,
312,2021,Semi Ojeleye,PF,26,BOS,4,58,9.5,.498,.467,.467,7.3,10.5,8.8,6.6,0.0,0.0,5.2,14.0,,0.1,0.0,0.0,.038,,,,,
313,2021,Jahlil Okafor,C,25,DET,2,34,14.1,.636,.000,.000,14.6,20.4,17.3,4.9,0.0,0.0,15.4,16.0,,0.1,0.0,0.1,.084,,,,,
314,2021,,,,,,,,,,,,,,,,,,,,,,,,,,,,
315,2021,Chuma Okeke,PF,22,ORL,5,91,8.2,.451,.500,.429,5.4,9.5,7.3,10.8,1.5,0.9,15.3,8.9,,0.0,0.1,0.1,.058,,,,,
316,2021,Josh Okogie,SG,22,MIN,3,75,9.3,.538,.286,.143,4.9,9.5,7.0,9.7,0.0,1.1,11.8,13.8,,0.1,0.0,0.0,.032,,,,,
317,2021,Isaac Okoro,SG,20,CLE,2,75,3.2,.557,.556,.222,0.0,8.8,4.4,8.4,0.6,0.0,28.8,7.9,,0.0,0.1,0.0,.023,,,,,
318,2021,KZ Okpala,PF,21,MIA,2,28,3.2,.307,.750,.500,4.6,11.2,8.2,0.0,1.7,0.0,0.0,7.6,,0.0,0.0,0.0,-0.034,,,,,
319,2021,Victor Oladipo,SG,28,IND,4,122,24.0,.683,.414,.138,0.0,18.5,9.8,22.6,1.9,0.7,11.5,24.2,,0.4,0.2,0.6,.229,,,,,
320,2021,Kelly Olynyk,PF,29,MIA,3,74,12.9,.529,.714,.286,6.9,16.9,12.4,13.3,2.5,3.8,17.5,16.8,,0.0,0.1,0.1,.054,,,,,
321,2021,Miye Oni,SG,23,UTA,2,6,22.3,.750,.500,.000,0.0,17.2,8.8,25.6,0.0,0.0,0.0,14.0,,0.0,0.0,0.0,.306,,,,,
322,2021,Cedi Osman,SF,25,CLE,5,116,11.9,.516,.551,.245,3.7,9.5,6.6,10.1,1.2,0.9,6.9,21.5,,0.1,0.1,0.2,.087,,,,,
323,2021,Daniel Oturu,C,21,LAC,4,22,19.7,.625,.125,.000,5.2,31.3,18.3,14.5,0.0,9.4,11.1,17.9,,0.0,0.0,0.1,.154,,,,,
324,2021,Kelly Oubre Jr.,SF,25,GSW,4,105,2.4,.292,.420,.140,7.1,20.2,13.2,4.3,3.4,3.4,15.9,23.6,,-0.6,0.1,-0.5,-0.218,,,,,
325,2021,Eric Paschall,PF,24,GSW,4,79,13.9,.575,.231,.615,3.5,5.4,4.4,8.0,1.7,1.1,5.7,17.4,,0.1,0.0,0.1,.087,,,,,
326,2021,Patrick Patterson,PF,31,LAC,4,51,3.8,.388,.750,.167,6.8,15.8,11.3,7.4,1.9,0.0,18.9,13.7,,-0.1,0.0,0.0,-0.029,,,,,
327,2021,Chris Paul,PG,35,PHO,5,141,16.9,.481,.291,.218,3.9,11.0,7.4,46.8,1.4,0.6,14.2,22.1,,0.3,0.3,0.5,.183,,,,,
328,2021,Cameron Payne,SG,26,PHO,5,96,20.1,.630,.368,.053,1.1,12.7,6.9,35.9,1.5,0.9,9.3,19.8,,0.3,0.2,0.5,.266,,,,,
329,2021,Elfrid Payton,PG,26,NYK,5,129,12.2,.533,.232,.089,4.2,10.6,7.5,31.3,1.1,0.0,20.5,24.3,,-0.1,0.1,0.0,.013,,,,,
330,2021,Reggie Perry,PF,20,BRK,2,10,11.1,.333,.333,.000,10.8,9.2,10.0,26.0,0.0,0.0,0.0,12.5,,0.0,0.0,0.0,.096,,,,,
331,2021,Theo Pinson,SG,25,NYK,4,9,-12.3,.000,1.000,.000,0.0,10.9,5.7,0.0,0.0,0.0,0.0,14.3,,-0.1,0.0,-0.1,-0.314,,,,,
332,2021,Mason Plumlee,C,30,DET,4,123,16.2,.615,.087,.217,10.5,24.4,16.9,22.3,2.3,0.8,21.7,10.9,,0.2,0.1,0.3,.132,,,,,
333,2021,Jakob Poeltl,C,25,SAS,4,85,15.4,.538,.000,.143,13.1,21.5,17.3,10.8,1.1,2.7,11.8,12.5,,0.1,0.1,0.2,.124,,,,,
334,2021,Vincent Poirier,C,27,PHI,1,7,11.2,.500,.000,.000,15.6,14.1,14.8,0.0,0.0,11.7,33.3,18.1,,0.0,0.0,0.0,.005,,,,,
335,2021,,,,,,,,,,,,,,,,,,,,,,,,,,,,
336,2021,Aleksej Pokusevski,PF,19,OKC,4,66,-2.6,.125,.750,.000,1.6,24.2,13.3,13.8,2.9,6.1,28.6,18.2,,-0.5,0.1,-0.4,-0.256,,,,,
337,2021,Jordan Poole,SG,21,GSW,4,60,6.9,.505,.565,.174,1.6,8.8,5.0,10.5,0.0,0.0,10.8,18.2,,0.0,0.0,0.0,-0.035,,,,,
338,2021,Michael Porter Jr.,SF,22,DEN,4,117,26.4,.690,.491,.151,5.2,21.2,13.5,9.5,1.6,4.7,3.4,21.5,,0.5,0.1,0.6,.228,,,,,
339,2021,Otto Porter,SF,27,CHI,5,123,21.9,.691,.540,.360,7.2,21.8,14.4,12.9,1.8,0.0,12.1,21.5,,0.4,0.1,0.5,.187,,,,,
340,2021,Bobby Portis,PF,25,MIL,5,113,17.8,.571,.238,.190,10.1,21.8,15.8,6.9,1.6,2.5,9.9,18.2,,0.2,0.1,0.4,.160,,,,,
341,2021,Dwight Powell,C,29,DAL,4,83,13.1,.659,.143,.929,6.4,11.1,8.7,6.8,3.5,1.2,23.3,13.7,,0.1,0.1,0.2,.111,,,,,
342,2021,Norman Powell,SG,27,TOR,4,93,6.2,.438,.472,.250,0.0,7.8,3.8,6.6,3.0,2.0,11.1,20.3,,-0.2,0.2,0.0,.011,,,,,
343,2021,Taurean Prince,PF,26,BRK,5,77,9.5,.495,.583,.500,0.0,13.2,7.1,1.7,2.4,3.0,6.4,16.9,,0.0,0.1,0.1,.076,,,,,
344,2021,Payton Pritchard,PG,23,BOS,5,110,14.0,.699,.321,.107,0.0,11.1,5.2,13.6,3.5,0.0,23.5,14.8,,0.1,0.1,0.2,.071,,,,,
345,2021,Immanuel Quickley,PG,21,NYK,1,12,18.6,.579,.333,1.000,0.0,8.2,4.3,12.3,4.0,0.0,0.0,15.4,,0.0,0.0,0.1,.227,,,,,
346,2021,Jahmi'us Ramsey,SG,19,SAC,1,3,30.1,1.000,.000,.000,0.0,38.2,18.4,0.0,0.0,0.0,0.0,13.9,,0.0,0.0,0.0,.248,,,,,
347,2021,Julius Randle,PF,26,NYK,5,189,20.0,.639,.227,.453,5.1,22.3,14.1,33.6,0.5,1.0,20.4,25.6,,0.4,0.3,0.7,.169,,,,,
348,2021,Cam Reddish,SF,21,ATL,4,114,13.1,.552,.400,.350,3.9,12.9,8.6,7.3,2.4,1.5,11.5,18.6,,0.1,0.1,0.2,.073,,,,,
349,2021,J.J. Redick,SG,36,NOP,5,108,5.0,.475,.737,.184,0.0,9.0,4.5,4.1,0.9,0.0,6.8,17.6,,0.0,0.2,0.1,.051,,,,,
350,2021,Naz Reid,C,21,MIN,4,83,16.5,.535,.313,.250,5.6,14.4,9.4,14.7,1.7,3.0,5.3,18.5,,0.1,0.1,0.2,.118,,,,,
351,2021,Nick Richards,PF,23,CHO,1,1,0.0,,,,0.0,0.0,0.0,0.0,0.0,0.0,,0.0,,0.0,0.0,0.0,.020,,,,,
352,2021,Josh Richardson,SG,27,DAL,4,117,14.1,.555,.522,.130,4.6,8.9,6.6,9.5,1.7,0.8,5.8,19.5,,0.2,0.1,0.2,.101,,,,,
353,2021,Austin Rivers,SG,28,NYK,1,21,16.0,.583,.667,.000,0.0,4.7,2.4,38.4,2.3,0.0,14.3,14.3,,0.0,0.0,0.1,.149,,,,,
354,2021,Duncan Robinson,SF,26,MIA,4,110,12.8,.756,.900,.233,0.0,14.2,7.8,2.7,1.3,0.9,17.5,15.9,,0.1,0.0,0.2,.075,,,,,
355,2021,Glenn Robinson III,SF,27,SAC,2,31,7.5,.571,.143,.000,0.0,14.8,7.1,4.4,0.0,2.8,12.5,10.8,,0.0,0.0,0.0,.022,,,,,
356,2021,,,,,,,,,,,,,,,,,,,,,,,,,,,,
357,2021,Jerome Robinson,SG,23,WAS,2,27,-8.8,.250,.500,.000,0.0,8.2,4.0,4.4,0.0,0.0,42.9,10.6,,-0.1,0.0,-0.1,-0.216,,,,,
358,2021,Mitchell Robinson,C,22,NYK,5,138,13.9,.561,.000,.241,10.1,17.7,14.1,1.1,2.1,5.3,8.6,10.9,,0.1,0.3,0.4,.144,,,,,
359,2021,Isaiah Roby,PF,22,OKC,2,46,19.8,.647,.235,.412,13.9,15.2,14.6,0.0,1.0,3.5,13.0,21.5,,0.1,0.0,0.1,.101,,,,,
360,2021,Rajon Rondo,PG,34,ATL,2,31,23.7,.600,.500,.000,3.6,3.2,3.3,63.3,1.5,2.8,16.7,15.7,,0.2,0.0,0.2,.259,,,,,
361,2021,Derrick Rose,PG,32,DET,3,86,10.1,.427,.196,.217,2.3,6.7,4.3,32.4,2.2,1.2,15.2,28.8,,-0.2,0.0,-0.1,-0.076,,,,,
362,2021,Terrence Ross,SG,29,ORL,4,112,21.1,.662,.411,.304,0.9,5.8,3.2,4.4,2.1,0.0,9.9,26.0,,0.3,0.1,0.4,.176,,,,,
363,2021,Terry Rozier,PG,26,CHO,4,129,21.3,.637,.536,.261,2.3,10.3,6.0,15.4,1.4,2.4,9.4,27.0,,0.3,0.2,0.5,.181,,,,,
364,2021,Ricky Rubio,PG,30,MIN,4,96,14.9,.611,.393,.250,1.0,9.9,4.9,27.7,1.9,0.0,13.9,15.4,,0.2,0.0,0.2,.118,,,,,
365,2021,D'Angelo Russell,PG,24,MIN,4,119,11.7,.519,.460,.127,1.6,8.0,4.4,24.0,2.0,0.7,17.4,27.7,,-0.1,0.1,-0.1,-0.032,,,,,
366,2021,Domantas Sabonis,PF,24,IND,5,185,23.2,.640,.178,.452,7.1,25.6,16.9,26.9,1.0,0.9,15.5,23.8,,0.6,0.3,0.9,.225,,,,,
367,2021,Luka Šamanić,PF,21,SAS,1,1,0.0,,,,0.0,0.0,0.0,0.0,0.0,0.0,,0.0,,0.0,0.0,0.0,.003,,,,,
368,2021,JaKarr Sampson,PF,27,IND,2,4,1.8,,,,0.0,53.8,28.4,0.0,0.0,0.0,,0.0,,0.0,0.0,0.0,.094,,,,,
369,2021,Dario Šarić,PF,26,PHO,2,32,8.3,.588,.727,.364,0.0,31.3,15.4,8.7,1.5,0.0,28.2,24.7,,-0.1,0.1,0.0,.015,,,,,
370,2021,Tomáš Satoranský,SG,29,CHI,3,68,13.2,.582,.400,.200,3.2,8.2,5.7,35.8,2.6,1.3,32.9,14.4,,0.0,0.0,0.1,.060,,,,,
371,2021,Dennis Schröder,SG,27,LAL,5,148,16.9,.594,.269,.239,2.5,15.9,9.8,24.7,1.0,0.0,16.8,25.6,,0.3,0.2,0.4,.137,,,,,
372,2021,Mike Scott,PF,32,PHI,5,80,5.3,.470,.905,.143,4.1,12.3,8.4,0.0,1.2,1.0,11.8,13.3,,-0.1,0.2,0.1,.052,,,,,
373,2021,Collin Sexton,PG,22,CLE,5,189,19.9,.636,.167,.289,0.6,5.2,2.9,17.3,1.5,0.5,9.8,25.5,,0.5,0.2,0.7,.179,,,,,
374,2021,Landry Shamet,SG,23,BRK,5,94,6.3,.508,.769,.308,1.1,5.9,3.7,2.8,2.5,0.8,16.9,15.8,,-0.1,0.1,0.0,.014,,,,,
375,2021,Pascal Siakam,PF,26,TOR,3,117,9.7,.477,.375,.107,2.5,21.3,11.6,20.5,1.2,1.6,15.8,25.0,,-0.2,0.3,0.1,.023,,,,,
376,2021,Chris Silva,PF,24,MIA,2,6,7.2,1.136,,,0.0,0.0,0.0,0.0,0.0,15.6,53.2,13.6,,0.0,0.0,0.0,.059,,,,,
377,2021,,,,,,,,,,,,,,,,,,,,,,,,,,,,
378,2021,Ben Simmons,PG,24,PHI,5,155,17.7,.544,.021,.660,2.8,27.3,15.7,31.9,2.4,4.2,22.9,21.4,,0.0,0.5,0.5,.153,,,,,
379,2021,Anfernee Simons,SG,21,POR,3,25,11.9,.506,1.000,.222,0.0,4.4,2.2,5.8,1.9,7.4,0.0,17.3,,0.0,0.0,0.0,.036,,,,,
380,2021,Marcus Smart,SG,26,BOS,5,160,15.7,.559,.636,.409,2.7,4.6,3.5,22.1,2.4,2.7,11.9,15.6,,0.3,0.1,0.4,.119,,,,,
381,2021,Dennis Smith Jr.,PG,23,NYK,1,18,1.6,.340,.400,.400,0.0,10.9,5.7,15.7,2.7,0.0,14.5,16.3,,0.0,0.0,0.0,-0.038,,,,,
382,2021,Ish Smith,PG,32,WAS,5,90,5.4,.381,.179,.179,0.0,15.9,7.9,20.3,0.0,2.8,14.2,16.1,,-0.2,0.0,-0.1,-0.076,,,,,
383,2021,Jalen Smith,PF,20,PHO,2,20,7.4,.340,.200,.400,16.3,11.1,13.7,6.7,0.0,4.5,14.5,15.3,,0.0,0.0,0.0,.024,,,,,
384,2021,Cassius Stanley,SG,21,IND,2,4,34.2,.833,.333,.000,30.0,0.0,14.2,0.0,0.0,0.0,25.0,42.5,,0.0,0.0,0.0,.119,,,,,
385,2021,Lamar Stevens,PF,23,CLE,2,7,9.8,.532,.000,2.000,0.0,31.3,15.6,0.0,0.0,0.0,0.0,11.5,,0.0,0.0,0.0,.138,,,,,
386,2021,Isaiah Stewart,C,19,DET,2,38,15.6,.444,.000,.000,23.6,18.2,21.1,11.3,0.0,5.3,10.0,11.0,,0.1,0.0,0.1,.113,,,,,
387,2021,Max Strus,SF,24,MIA,1,12,19.0,.700,.600,.000,0.0,0.0,0.0,14.7,0.0,0.0,0.0,18.1,,0.0,0.0,0.0,.132,,,,,
388,2021,Edmond Sumner,SG,25,IND,1,2,0.0,,,,0.0,0.0,0.0,0.0,0.0,0.0,,0.0,,0.0,0.0,0.0,.015,,,,,
389,2021,Jae'Sean Tate,SF,25,HOU,3,83,7.6,.557,.389,.222,5.5,17.2,11.4,8.0,1.1,1.0,23.3,13.4,,0.0,0.0,0.0,-0.007,,,,,
390,2021,Jayson Tatum,PF,22,BOS,5,168,20.1,.553,.360,.150,0.6,29.0,13.8,15.3,2.0,1.6,11.6,30.5,,0.1,0.1,0.3,.075,,,,,
391,2021,Jeff Teague,PG,32,BOS,5,109,12.2,.429,.256,.308,1.9,13.4,7.3,16.2,4.4,1.6,10.1,19.2,,0.0,0.1,0.1,.034,,,,,
392,2021,Garrett Temple,SG,34,CHI,4,96,6.6,.464,.607,.179,2.3,4.7,3.5,14.1,1.4,0.0,6.2,13.5,,0.0,0.0,0.0,.018,,,,,
393,2021,Tyrell Terry,PG,20,DAL,3,14,3.7,.225,.500,.250,0.0,8.3,4.0,19.6,3.5,0.0,0.0,14.0,,0.0,0.0,0.0,-0.078,,,,,
394,2021,Daniel Theis,PF,28,BOS,5,105,11.4,.495,.419,.097,4.0,19.7,11.3,11.3,0.9,4.2,11.0,14.7,,0.0,0.0,0.1,.041,,,,,
395,2021,Brodric Thomas,SG,24,HOU,2,18,0.4,.403,.750,1.250,6.3,12.2,9.3,27.4,0.0,0.0,32.6,22.1,,0.0,0.0,-0.1,-0.142,,,,,
396,2021,Matt Thomas,SG,26,TOR,3,47,14.5,.602,.706,.059,0.0,11.0,5.4,17.1,2.0,0.0,5.4,16.5,,0.1,0.1,0.2,.171,,,,,
397,2021,Tristan Thompson,PF,29,BOS,4,93,17.5,.577,.000,.250,19.4,22.3,20.7,3.0,0.0,1.9,12.3,18.5,,0.2,0.0,0.2,.118,,,,,
398,2021,,,,,,,,,,,,,,,,,,,,,,,,,,,,
399,2021,Sindarius Thornwell,SG,26,NOP,2,10,21.1,.500,.500,.000,0.0,10.8,5.4,0.0,14.6,0.0,0.0,8.6,,0.0,0.1,0.1,.257,,,,,
400,2021,Matisse Thybulle,SG,23,PHI,5,46,5.7,.533,.625,.125,0.0,10.7,5.6,0.0,2.0,3.6,19.2,9.6,,0.0,0.1,0.1,.071,,,,,
401,2021,Obi Toppin,PF,22,NYK,1,24,6.8,.375,.583,.000,0.0,12.2,6.4,6.5,0.0,7.7,0.0,21.4,,0.0,0.0,0.0,-0.035,,,,,
402,2021,Juan Toscano-Anderson,SG,27,GSW,4,69,10.5,.888,.429,.286,1.4,21.5,10.8,16.6,1.3,2.6,33.7,6.8,,0.1,0.0,0.1,.076,,,,,
403,2021,Karl-Anthony Towns,C,25,MIN,2,60,25.5,.561,.310,.379,9.3,33.8,20.0,26.8,1.6,8.3,15.1,27.2,,0.1,0.1,0.2,.175,,,,,
404,2021,Gary Trent Jr.,SG,22,POR,3,56,24.3,.699,.630,.074,0.0,11.7,5.9,12.8,1.7,0.0,0.0,21.8,,0.2,0.0,0.2,.187,,,,,
405,2021,P.J. Tucker,PF,35,HOU,3,102,9.0,.538,.571,.143,5.6,16.1,10.9,6.1,2.8,2.5,21.2,8.0,,0.0,0.1,0.1,.035,,,,,
406,2021,Myles Turner,C,24,IND,5,148,19.4,.577,.489,.311,4.9,19.6,12.7,3.3,3.2,12.1,10.5,16.4,,0.1,0.4,0.6,.181,,,,,
407,2021,Jonas Valančiūnas,C,28,MEM,4,122,18.9,.620,.154,.641,7.5,34.8,21.0,10.8,1.1,3.5,18.0,20.3,,0.2,0.1,0.3,.116,,,,,
408,2021,Denzel Valentine,SG,27,CHI,2,28,21.6,.778,.667,.000,3.9,15.9,9.9,5.4,3.2,3.2,0.0,12.9,,0.1,0.0,0.1,.212,,,,,
409,2021,Jarred Vanderbilt,PF,21,MIN,2,31,30.7,.517,.000,.750,15.0,30.8,21.9,32.5,6.0,5.4,8.6,15.4,,0.1,0.1,0.2,.265,,,,,
410,2021,Fred VanVleet,SG,26,TOR,4,137,16.4,.519,.587,.127,2.1,10.6,6.3,31.0,2.0,2.0,8.3,22.3,,0.2,0.3,0.4,.153,,,,,
411,2021,Devin Vassell,SG,20,SAS,4,57,5.5,.406,.438,.000,1.8,19.6,10.7,4.3,1.6,2.7,11.1,13.3,,-0.1,0.1,0.0,-0.021,,,,,
412,2021,Gabe Vincent,PG,24,MIA,1,15,10.4,.543,.833,.167,0.0,13.9,7.7,19.5,0.0,0.0,0.0,18.7,,0.0,0.0,0.0,.105,,,,,
413,2021,Nikola Vučević,C,30,ORL,5,151,25.0,.586,.338,.221,6.5,32.8,19.0,19.3,1.8,0.5,6.6,24.7,,0.4,0.2,0.7,.216,,,,,
414,2021,Dean Wade,PF,24,CLE,4,39,9.0,.625,.625,.000,2.8,8.4,5.6,10.4,4.9,2.6,33.3,13.2,,0.0,0.1,0.1,.067,,,,,
415,2021,Moritz Wagner,C,23,WAS,2,13,23.2,.900,.200,.000,8.3,25.4,16.7,13.5,0.0,0.0,0.0,15.8,,0.1,0.0,0.1,.291,,,,,
416,2021,Lonnie Walker,SG,22,SAS,4,126,10.9,.552,.469,.122,1.6,11.3,6.5,8.7,0.7,1.2,8.8,18.9,,0.0,0.1,0.1,.041,,,,,
417,2021,John Wall,PG,30,HOU,1,37,16.9,.506,.400,.200,3.1,14.8,9.0,37.4,1.3,2.3,18.7,31.3,,0.0,0.0,0.0,-0.007,,,,,
418,2021,Brad Wanamaker,PG,31,GSW,4,73,12.8,.527,.389,.722,0.0,7.3,3.4,23.8,3.0,1.2,11.2,14.4,,0.1,0.0,0.1,.073,,,,,
419,2021,,,,,,,,,,,,,,,,,,,,,,,,,,,,
420,2021,T.J. Warren,SF,27,IND,4,117,12.6,.560,.137,.196,2.1,11.0,6.8,5.9,0.8,0.0,6.7,21.6,,0.1,0.1,0.2,.087,,,,,
421,2021,P.J. Washington,PF,22,CHO,4,103,13.3,.479,.190,.381,8.5,16.2,12.1,15.3,1.8,3.9,12.5,22.3,,0.0,0.2,0.2,.078,,,,,
422,2021,Yuta Watanabe,SF,26,TOR,1,9,9.3,.000,.500,.000,10.9,34.6,22.4,14.4,5.1,10.2,0.0,9.4,,0.0,0.0,0.0,.074,,,,,
423,2021,Tremont Waters,PG,23,BOS,2,9,19.3,.694,.000,1.000,0.0,0.0,0.0,42.7,10.7,0.0,51.0,27.7,,0.0,0.0,0.0,-0.018,,,,,
424,2021,Paul Watson,SF,26,TOR,1,3,-9.4,.000,1.000,.000,0.0,34.6,16.8,0.0,0.0,0.0,0.0,14.0,,0.0,0.0,0.0,-0.252,,,,,
425,2021,Russell Westbrook,PG,32,WAS,4,149,15.6,.473,.197,.224,4.3,33.2,18.6,49.5,1.2,0.0,20.9,29.1,,-0.1,0.1,0.0,-0.003,,,,,
426,2021,Coby White,PG,20,CHI,5,168,9.8,.495,.529,.186,1.3,13.3,7.3,26.6,0.5,0.5,16.5,21.7,,-0.1,0.0,0.0,-0.010,,,,,
427,2021,Hassan Whiteside,C,31,SAC,5,59,13.8,.470,.000,.364,10.8,34.9,22.4,5.0,0.8,7.3,13.6,20.9,,-0.1,0.1,0.0,.024,,,,,
428,2021,Andrew Wiggins,SF,25,GSW,4,131,11.5,.479,.309,.206,4.3,14.6,9.1,10.3,0.7,3.4,8.6,24.4,,-0.1,0.0,-0.1,-0.022,,,,,
429,2021,Grant Williams,PF,22,BOS,5,82,6.1,.455,.556,.222,5.2,13.4,9.0,7.6,1.8,1.1,13.2,11.8,,0.0,0.0,0.0,.004,,,,,
430,2021,Kenrich Williams,PF,26,OKC,4,45,5.3,.414,.400,.200,7.1,6.7,6.9,9.1,1.1,1.8,15.5,12.3,,0.0,0.0,0.0,-0.006,,,,,
431,2021,Lou Williams,PG,34,LAC,5,100,17.6,.563,.318,.205,2.3,14.9,8.6,21.7,1.0,0.0,7.7,22.8,,0.2,0.0,0.2,.117,,,,,
432,2021,Patrick Williams,SF,19,CHI,5,120,10.8,.614,.270,.378,2.8,8.4,5.5,7.2,0.4,3.7,17.3,17.5,,0.1,0.0,0.1,.037,,,,,
433,2021,Robert Williams,C,23,BOS,4,68,28.8,.882,.000,.000,15.6,23.3,19.2,6.6,3.5,9.0,22.7,13.7,,0.2,0.1,0.3,.244,,,,,
434,2021,Zion Williamson,PF,20,NOP,5,152,20.8,.559,.029,.543,13.0,17.1,15.0,6.1,2.6,1.6,13.9,28.5,,0.1,0.3,0.4,.141,,,,,
435,2021,D.J. Wilson,PF,24,MIL,4,43,7.5,.547,.818,.182,4.8,27.4,15.9,2.7,0.0,4.3,14.4,13.2,,0.0,0.0,0.1,.068,,,,,
436,2021,Dylan Windler,SF,24,CLE,1,9,1.8,.300,.800,.000,0.0,0.0,0.0,0.0,10.6,0.0,16.7,28.5,,-0.1,0.0,0.0,-0.196,,,,,
437,2021,James Wiseman,C,19,GSW,4,94,12.9,.530,.195,.341,5.0,20.3,12.1,1.8,1.4,5.8,11.3,22.2,,0.0,0.1,0.0,.019,,,,,
438,2021,Christian Wood,PF,25,HOU,3,112,24.3,.621,.179,.179,6.1,21.5,14.0,10.8,1.3,3.8,6.2,24.9,,0.3,0.0,0.4,.161,,,,,
439,2021,Robert Woodard,F,21,SAC,1,3,-13.7,.347,.500,1.000,0.0,38.2,18.4,0.0,0.0,0.0,25.8,53.9,,-0.1,0.0,0.0,-0.794,,,,,
440,2021,,,,,,,,,,,,,,,,,,,,,,,,,,,,
441,2021,Delon Wright,PG,28,DET,4,111,17.0,.662,.357,.607,3.6,10.4,6.7,19.8,0.4,2.7,14.5,15.6,,0.3,0.0,0.3,.138,,,,,
442,2021,Thaddeus Young,PF,32,CHI,1,27,21.2,.625,.167,.000,4.1,8.3,6.2,38.2,3.3,0.0,14.3,20.8,,0.1,0.0,0.1,.157,,,,,
443,2021,Trae Young,PG,22,ATL,4,126,36.1,.700,.343,.925,6.1,8.6,7.4,43.3,0.0,0.0,12.9,35.0,,1.1,0.0,1.1,.400,,,,,
444,2021,Cody Zeller,C,28,CHO,1,19,14.2,.466,.333,.167,5.1,11.7,8.2,0.0,7.3,5.3,13.4,16.1,,0.0,0.1,0.0,.071,,,,,
445,2021,Ivica Zubac,C,23,LAC,5,96,25.5,.839,.000,1.250,9.6,7.2,8.4,6.1,1.5,8.6,13.9,16.4,,0.5,0.1,0.6,.290,,,,,
